ds,trend,yhat_lower,yhat_upper,trend_lower,trend_upper,additive_terms,additive_terms_lower,additive_terms_upper,weekly,weekly_lower,weekly_upper,multiplicative_terms,multiplicative_terms_lower,multiplicative_terms_upper,yhat,Predicted Deaths (yhat),Lower Bound (yhat_lower),Upper Bound (yhat_upper)
2020-01-22,-521.7709537559999,-3557.470025444095,2430.722065143853,-521.7709537559999,-521.7709537559999,-191.37479910649068,-191.37479910649068,-191.37479910649068,-191.37479910649068,-191.37479910649068,-191.37479910649068,0.0,0.0,0.0,-713.1457528624906,-713,-3557,2430
2020-01-23,-432.73182177311224,-2913.791362105127,2995.089524464829,-432.73182177311224,-432.73182177311224,388.5869411500488,388.5869411500488,388.5869411500488,388.5869411500488,388.5869411500488,388.5869411500488,0.0,0.0,0.0,-44.14488062306344,-44,-2913,2995
2020-01-24,-343.6926897902246,-2689.2248777311597,3608.794519425824,-343.6926897902246,-343.6926897902246,874.8016233772896,874.8016233772896,874.8016233772896,874.8016233772896,874.8016233772896,874.8016233772896,0.0,0.0,0.0,531.1089335870649,531,-2689,3608
2020-01-25,-254.65355780733685,-2576.1090973788564,3438.266072090973,-254.65355780733685,-254.65355780733685,727.2987974319122,727.2987974319122,727.2987974319122,727.2987974319122,727.2987974319122,727.2987974319122,0.0,0.0,0.0,472.6452396245754,472,-2576,3438
2020-01-26,-165.61442582444917,-3348.3621237703883,2644.9724292533892,-165.61442582444917,-165.61442582444917,-165.7017247705202,-165.7017247705202,-165.7017247705202,-165.7017247705202,-165.7017247705202,-165.7017247705202,0.0,0.0,0.0,-331.3161505949694,-331,-3348,2644
2020-01-27,-76.57529384156153,-3934.379066083091,1894.9843932486608,-76.57529384156153,-76.57529384156153,-905.321484758773,-905.321484758773,-905.321484758773,-905.321484758773,-905.321484758773,-905.321484758773,0.0,0.0,0.0,-981.8967786003345,-981,-3934,1894
2020-01-28,12.463838141326256,-3591.551795901455,2299.1481646468505,12.463838141326256,12.463838141326256,-728.2893533216087,-728.2893533216087,-728.2893533216087,-728.2893533216087,-728.2893533216087,-728.2893533216087,0.0,0.0,0.0,-715.8255151802824,-715,-3591,2299
2020-01-29,101.50311796363052,-3009.4314670256745,2633.44937042042,101.50311796363052,101.50311796363052,-191.37479910597597,-191.37479910597597,-191.37479910597597,-191.37479910597597,-191.37479910597597,-191.37479910597597,0.0,0.0,0.0,-89.87168114234545,-89,-3009,2633
2020-01-30,190.5423977859349,-2405.2928730346093,3431.218241723821,190.5423977859349,190.5423977859349,388.5869411505435,388.5869411505435,388.5869411505435,388.5869411505435,388.5869411505435,388.5869411505435,0.0,0.0,0.0,579.1293389364785,579,-2405,3431
2020-01-31,279.5816776082393,-1612.6034104498337,4012.614391263384,279.5816776082393,279.5816776082393,874.8016233763516,874.8016233763516,874.8016233763516,874.8016233763516,874.8016233763516,874.8016233763516,0.0,0.0,0.0,1154.383300984591,1154,-1612,4012
2020-02-01,368.62095743054357,-1841.403222607885,4000.1063773774745,368.62095743054357,368.62095743054357,727.2987974315232,727.2987974315232,727.2987974315232,727.2987974315232,727.2987974315232,727.2987974315232,0.0,0.0,0.0,1095.9197548620668,1095,-1841,4000
2020-02-02,457.66023725284793,-2527.3375674159506,3437.9484124259166,457.66023725284793,457.66023725284793,-165.70172477130345,-165.70172477130345,-165.70172477130345,-165.70172477130345,-165.70172477130345,-165.70172477130345,0.0,0.0,0.0,291.9585124815445,291,-2527,3437
2020-02-03,546.6995170751524,-3456.638515261741,2576.2020812844266,546.6995170751524,546.6995170751524,-905.321484757849,-905.321484757849,-905.321484757849,-905.321484757849,-905.321484757849,-905.321484757849,0.0,0.0,0.0,-358.62196768269666,-358,-3456,2576
2020-02-04,635.7410258241646,-3048.8937456061017,2991.024803462759,635.7410258241646,635.7410258241646,-728.2893533212285,-728.2893533212285,-728.2893533212285,-728.2893533212285,-728.2893533212285,-728.2893533212285,0.0,0.0,0.0,-92.54832749706395,-92,-3048,2991
2020-02-05,724.7825345731766,-2580.0248669870657,3464.305862279281,724.7825345731766,724.7825345731766,-191.37479910561342,-191.37479910561342,-191.37479910561342,-191.37479910561342,-191.37479910561342,-191.37479910561342,0.0,0.0,0.0,533.4077354675632,533,-2580,3464
2020-02-06,813.8240433221889,-1707.3086466611167,4100.826181174464,813.8240433221889,813.8240433221889,388.58694114862243,388.58694114862243,388.58694114862243,388.58694114862243,388.58694114862243,388.58694114862243,0.0,0.0,0.0,1202.4109844708114,1202,-1707,4100
2020-02-07,902.8655520712009,-1153.4957936235073,4680.6120371562265,902.8655520712009,902.8655520712009,874.8016233764911,874.8016233764911,874.8016233764911,874.8016233764911,874.8016233764911,874.8016233764911,0.0,0.0,0.0,1777.667175447692,1777,-1153,4680
2020-02-08,991.9070608202132,-1147.4676069623401,4871.159125933036,991.9070608202132,991.9070608202132,727.2987974309813,727.2987974309813,727.2987974309813,727.2987974309813,727.2987974309813,727.2987974309813,0.0,0.0,0.0,1719.2058582511945,1719,-1147,4871
2020-02-09,1080.9485695692254,-1957.2533595520945,3969.6728890316986,1080.9485695692254,1080.9485695692254,-165.7017247720018,-165.7017247720018,-165.7017247720018,-165.7017247720018,-165.7017247720018,-165.7017247720018,0.0,0.0,0.0,915.2468447972235,915,-1957,3969
2020-02-10,1172.5596423639702,-2753.3346287143163,3345.4998161541434,1172.5596423639702,1172.5596423639702,-905.321484758054,-905.321484758054,-905.321484758054,-905.321484758054,-905.321484758054,-905.321484758054,0.0,0.0,0.0,267.2381576059162,267,-2753,3345
2020-02-11,1264.1707151587152,-2422.3530061301526,3404.4726742988223,1264.1707151587152,1264.1707151587152,-728.2893533228059,-728.2893533228059,-728.2893533228059,-728.2893533228059,-728.2893533228059,-728.2893533228059,0.0,0.0,0.0,535.8813618359093,535,-2422,3404
2020-02-12,1355.78178795346,-1679.5000145611634,4185.88551776817,1355.78178795346,1355.78178795346,-191.37479910525067,-191.37479910525067,-191.37479910525067,-191.37479910525067,-191.37479910525067,-191.37479910525067,0.0,0.0,0.0,1164.4069888482093,1164,-1679,4185
2020-02-13,1447.3928607482046,-1211.9527743604576,4709.844022163839,1447.3928607482046,1447.3928607482046,388.58694114911714,388.58694114911714,388.58694114911714,388.58694114911714,388.58694114911714,388.58694114911714,0.0,0.0,0.0,1835.9798018973217,1835,-1211,4709
2020-02-14,1539.0039335429497,-550.8326287088855,5394.678244250719,1539.0039335429497,1539.0039335429497,874.8016233767257,874.8016233767257,874.8016233767257,874.8016233767257,874.8016233767257,874.8016233767257,0.0,0.0,0.0,2413.8055569196754,2413,-550,5394
2020-02-15,1630.6150063376945,-926.6192869502621,5171.524188645842,1630.6150063376945,1630.6150063376945,727.2987974305922,727.2987974305922,727.2987974305922,727.2987974305922,727.2987974305922,727.2987974305922,0.0,0.0,0.0,2357.913803768287,2357,-926,5171
2020-02-16,1722.3335557840885,-1526.9350405966331,4398.182286727294,1722.3335557840885,1722.3335557840885,-165.701724772785,-165.701724772785,-165.701724772785,-165.701724772785,-165.701724772785,-165.701724772785,0.0,0.0,0.0,1556.6318310113036,1556,-1526,4398
2020-02-17,1814.0521052304823,-2035.2129653796874,3818.281231894252,1814.0521052304823,1814.0521052304823,-905.3214847582591,-905.3214847582591,-905.3214847582591,-905.3214847582591,-905.3214847582591,-905.3214847582591,0.0,0.0,0.0,908.7306204722232,908,-2035,3818
2020-02-18,1905.7706546768763,-1775.0666628990348,4267.870995744275,1905.7706546768763,1905.7706546768763,-728.2893533224257,-728.2893533224257,-728.2893533224257,-728.2893533224257,-728.2893533224257,-728.2893533224257,0.0,0.0,0.0,1177.4813013544508,1177,-1775,4267
2020-02-19,1997.48920412327,-1402.2435122358347,5144.205018321308,1997.48920412327,1997.48920412327,-191.3747991047359,-191.3747991047359,-191.3747991047359,-191.3747991047359,-191.3747991047359,-191.3747991047359,0.0,0.0,0.0,1806.114405018534,1806,-1402,5144
2020-02-20,2089.207753569665,-555.5689976273239,5592.304162018676,2089.207753569665,2089.207753569665,388.5869411493272,388.5869411493272,388.5869411493272,388.5869411493272,388.5869411493272,388.5869411493272,0.0,0.0,0.0,2477.794694718992,2477,-555,5592
2020-02-21,2180.9263030160587,67.50253317947013,6257.87898098369,2180.9263030160587,2180.9263030160587,874.8016233769604,874.8016233769604,874.8016233769604,874.8016233769604,874.8016233769604,874.8016233769604,0.0,0.0,0.0,3055.727926393019,3055,67,6257
2020-02-22,2272.644794707926,72.66676733891963,5920.265501916475,2272.644794707926,2272.644794707926,727.2987974325946,727.2987974325946,727.2987974325946,727.2987974325946,727.2987974325946,727.2987974325946,0.0,0.0,0.0,2999.9435921405206,2999,72,5920
2020-02-23,2364.3632863997937,-852.9838822093549,5153.608572317486,2364.3632863997937,2364.3632863997937,-165.70172477356826,-165.70172477356826,-165.70172477356826,-165.70172477356826,-165.70172477356826,-165.70172477356826,0.0,0.0,0.0,2198.661561626225,2198,-852,5153
2020-02-24,2456.081778091661,-1378.492652800591,4419.416812818166,2456.081778091661,2456.081778091661,-905.3214847584636,-905.3214847584636,-905.3214847584636,-905.3214847584636,-905.3214847584636,-905.3214847584636,0.0,0.0,0.0,1550.7602933331973,1550,-1378,4419
2020-02-25,2547.8002697835286,-1051.4601137037553,4831.416054639906,2547.8002697835286,2547.8002697835286,-728.2893533220872,-728.2893533220872,-728.2893533220872,-728.2893533220872,-728.2893533220872,-728.2893533220872,0.0,0.0,0.0,1819.5109164614414,1819,-1051,4831
2020-02-26,2639.518761475396,-699.5857773938329,5533.609915599659,2639.518761475396,2639.518761475396,-191.3747991043732,-191.3747991043732,-191.3747991043732,-191.3747991043732,-191.3747991043732,-191.3747991043732,0.0,0.0,0.0,2448.1439623710226,2448,-699,5533
2020-02-27,2731.237253167263,248.45934640156935,6164.249401580828,2731.237253167263,2731.237253167263,388.586941147501,388.586941147501,388.586941147501,388.586941147501,388.586941147501,388.586941147501,0.0,0.0,0.0,3119.824194314764,3119,248,6164
2020-02-28,2822.956318973331,867.9062690905251,6636.829459191407,2822.956318973331,2822.956318973331,874.8016233771948,874.8016233771948,874.8016233771948,874.8016233771948,874.8016233771948,874.8016233771948,0.0,0.0,0.0,3697.757942350526,3697,867,6636
2020-02-29,2914.675384779398,558.449285899746,6514.273452234005,2914.675384779398,2914.675384779398,727.2987974322054,727.2987974322054,727.2987974322054,727.2987974322054,727.2987974322054,727.2987974322054,0.0,0.0,0.0,3641.9741822116034,3641,558,6514
2020-03-01,3006.394450585465,-401.73888176997343,5959.317880913666,3006.394450585465,3006.394450585465,-165.70172477013352,-165.70172477013352,-165.70172477013352,-165.70172477013352,-165.70172477013352,-165.70172477013352,0.0,0.0,0.0,2840.692725815332,2840,-401,5959
2020-03-02,3098.1135163915324,-896.039613872003,5086.734393311282,3098.1135163915324,3098.1135163915324,-905.3214847586692,-905.3214847586692,-905.3214847586692,-905.3214847586692,-905.3214847586692,-905.3214847586692,0.0,0.0,0.0,2192.792031632863,2192,-896,5086
2020-03-03,3189.8325821975995,-429.99876400852855,5560.42146965134,3189.8325821975995,3189.8325821975995,-728.289353321749,-728.289353321749,-728.289353321749,-728.289353321749,-728.289353321749,-728.289353321749,0.0,0.0,0.0,2461.5432288758507,2461,-429,5560
2020-03-04,3281.5516480036663,304.5436474550195,6056.3598736251115,3281.5516480036663,3281.5516480036663,-191.3747991062554,-191.3747991062554,-191.3747991062554,-191.3747991062554,-191.3747991062554,-191.3747991062554,0.0,0.0,0.0,3090.1768488974108,3090,304,6056
2020-03-05,3443.743967189413,985.8007666170016,6884.796424843816,3443.743967189413,3443.743967189413,388.5869411479008,388.5869411479008,388.5869411479008,388.5869411479008,388.5869411479008,388.5869411479008,0.0,0.0,0.0,3832.3309083373138,3832,985,6884
2020-03-06,3605.9362863751585,1353.4089845715077,7322.965097815742,3605.9362863751585,3605.9362863751585,874.8016233773342,874.8016233773342,874.8016233773342,874.8016233773342,874.8016233773342,874.8016233773342,0.0,0.0,0.0,4480.737909752493,4480,1353,7322
2020-03-07,3768.1286055609053,1550.2202266051083,7351.560651392351,3768.1286055609053,3768.1286055609053,727.2987974317398,727.2987974317398,727.2987974317398,727.2987974317398,727.2987974317398,727.2987974317398,0.0,0.0,0.0,4495.4274029926455,4495,1550,7351
2020-03-08,3930.320924746652,752.3783946874631,6767.299698315093,3930.320924746652,3930.320924746652,-165.7017247709168,-165.7017247709168,-165.7017247709168,-165.7017247709168,-165.7017247709168,-165.7017247709168,0.0,0.0,0.0,3764.6191999757352,3764,752,6767
2020-03-09,4092.513243932399,107.91796370186746,6246.4674546818605,4092.513243932399,4092.513243932399,-905.321484757745,-905.321484757745,-905.321484757745,-905.321484757745,-905.321484757745,-905.321484757745,0.0,0.0,0.0,3187.1917591746537,3187,107,6246
2020-03-10,4254.705563118145,537.1253678780738,6393.461056021427,4254.705563118145,4254.705563118145,-728.2893533214108,-728.2893533214108,-728.2893533214108,-728.2893533214108,-728.2893533214108,-728.2893533214108,0.0,0.0,0.0,3526.4162097967337,3526,537,6393
2020-03-11,4681.7195069669915,1158.9597089363112,7291.481857022407,4681.7195069669915,4681.7195069669915,-191.3747991058927,-191.3747991058927,-191.3747991058927,-191.3747991058927,-191.3747991058927,-191.3747991058927,0.0,0.0,0.0,4490.344707861099,4490,1158,7291
2020-03-12,5108.733450815839,2750.5699615541353,8235.099064523467,5108.733450815839,5108.733450815839,388.5869411483955,388.5869411483955,388.5869411483955,388.5869411483955,388.5869411483955,388.5869411483955,0.0,0.0,0.0,5497.320391964235,5497,2750,8235
2020-03-13,5535.747394664686,3581.473986040541,9538.9120945389,5535.747394664686,5535.747394664686,874.8016233776638,874.8016233776638,874.8016233776638,874.8016233776638,874.8016233776638,874.8016233776638,0.0,0.0,0.0,6410.549018042349,6410,3581,9538
2020-03-14,5962.761338513537,3595.8392579312326,9825.562081391388,5962.761338513537,5962.761338513537,727.2987974312745,727.2987974312745,727.2987974312745,727.2987974312745,727.2987974312745,727.2987974312745,0.0,0.0,0.0,6690.060135944812,6690,3595,9825
2020-03-15,6389.775282362385,3149.345567521738,9388.137311993753,6389.775282362385,6389.775282362385,-165.70172477161512,-165.70172477161512,-165.70172477161512,-165.70172477161512,-165.70172477161512,-165.70172477161512,0.0,0.0,0.0,6224.07355759077,6224,3149,9388
2020-03-16,6816.789226211232,2964.7860868530006,8864.256362661108,6816.789226211232,6816.789226211232,-905.3214847579501,-905.3214847579501,-905.3214847579501,-905.3214847579501,-905.3214847579501,-905.3214847579501,0.0,0.0,0.0,5911.467741453282,5911,2964,8864
2020-03-17,7998.9699237499235,4189.506535644103,10407.961366888936,7998.9699237499235,7998.9699237499235,-728.2893533210304,-728.2893533210304,-728.2893533210304,-728.2893533210304,-728.2893533210304,-728.2893533210304,0.0,0.0,0.0,7270.680570428893,7270,4189,10407
2020-03-18,9181.150621288605,5890.293967412108,11875.692725656645,9181.150621288605,9181.150621288605,-191.37479910537797,-191.37479910537797,-191.37479910537797,-191.37479910537797,-191.37479910537797,-191.37479910537797,0.0,0.0,0.0,8989.775822183226,8989,5890,11875
2020-03-19,10363.331318827297,7807.44683814894,13637.699916668707,10363.331318827297,10363.331318827297,388.5869411488903,388.5869411488903,388.5869411488903,388.5869411488903,388.5869411488903,388.5869411488903,0.0,0.0,0.0,10751.918259976188,10751,7807,13637
2020-03-20,11545.512016365989,9458.303430819362,15553.53623929432,11545.512016365989,11545.512016365989,874.8016233766307,874.8016233766307,874.8016233766307,874.8016233766307,874.8016233766307,874.8016233766307,0.0,0.0,0.0,12420.313639742619,12420,9458,15553
2020-03-21,12727.692713904671,10279.495066825544,16690.01082024055,12727.692713904671,12727.692713904671,727.2987974308088,727.2987974308088,727.2987974308088,727.2987974308088,727.2987974308088,727.2987974308088,0.0,0.0,0.0,13454.99151133548,13454,10279,16690
2020-03-22,13909.873411443308,10924.25847159385,16788.146129463916,13909.873411443308,13909.873411443308,-165.70172477239834,-165.70172477239834,-165.70172477239834,-165.70172477239834,-165.70172477239834,-165.70172477239834,0.0,0.0,0.0,13744.17168667091,13744,10924,16788
2020-03-23,16678.14037424406,12443.42734634285,18624.80116599928,16678.14037424406,16678.14037424406,-905.3214847581547,-905.3214847581547,-905.3214847581547,-905.3214847581547,-905.3214847581547,-905.3214847581547,0.0,0.0,0.0,15772.818889485905,15772,12443,18624
2020-03-24,19446.407337044737,15757.003189099876,21517.60763626887,19446.407337044737,19446.407337044737,-728.2893533207342,-728.2893533207342,-728.2893533207342,-728.2893533207342,-728.2893533207342,-728.2893533207342,0.0,0.0,0.0,18718.117983724,18718,15757,21517
2020-03-25,22214.67429984549,19122.01010517945,24823.10165354352,22214.67429984549,22214.67429984549,-191.3747991072601,-191.3747991072601,-191.3747991072601,-191.3747991072601,-191.3747991072601,-191.3747991072601,0.0,0.0,0.0,22023.29950073823,22023,19122,24823
2020-03-26,24982.94126264617,22599.133845835586,28323.95838953036,24982.94126264617,24982.94126264617,388.5869411491951,388.5869411491951,388.5869411491951,388.5869411491951,388.5869411491951,388.5869411491951,0.0,0.0,0.0,25371.528203795366,25371,22599,28323
2020-03-27,27751.20822544692,25821.792199419662,31688.26232008787,27751.20822544692,27751.20822544692,874.8016233768652,874.8016233768652,874.8016233768652,874.8016233768652,874.8016233768652,874.8016233768652,0.0,0.0,0.0,28626.009848823785,28626,25821,31688
2020-03-28,30519.47518824773,27971.617577994613,34309.04369812676,30519.47518824773,30519.47518824773,727.2987974304198,727.2987974304198,727.2987974304198,727.2987974304198,727.2987974304198,727.2987974304198,0.0,0.0,0.0,31246.773985678148,31246,27971,34309
2020-03-29,35571.52394244943,32447.715771512056,38456.76904005599,35571.52394244943,35571.52394244943,-165.70172477313912,-165.70172477313912,-165.70172477313912,-165.70172477313912,-165.70172477313912,-165.70172477313912,0.0,0.0,0.0,35405.82221767629,35405,32447,38456
2020-03-30,40623.572696651274,36510.97625177474,42524.447495429755,40623.572696651274,40623.572696651274,-905.3214847583597,-905.3214847583597,-905.3214847583597,-905.3214847583597,-905.3214847583597,-905.3214847583597,0.0,0.0,0.0,39718.251211892915,39718,36510,42524
2020-03-31,45675.621450853054,42136.44986163154,48071.920712207604,45675.621450853054,45675.621450853054,-728.2893533222694,-728.2893533222694,-728.2893533222694,-728.2893533222694,-728.2893533222694,-728.2893533222694,0.0,0.0,0.0,44947.33209753079,44947,42136,48071
2020-04-01,50727.67020505483,47507.86095431596,53692.52983950579,50727.67020505483,50727.67020505483,-191.3747991068215,-191.3747991068215,-191.3747991068215,-191.3747991068215,-191.3747991068215,-191.3747991068215,0.0,0.0,0.0,50536.295405948,50536,47507,53692
2020-04-02,55779.71895925667,53358.91431609344,59157.925584489974,55779.71895925667,55779.71895925667,388.5869411496898,388.5869411496898,388.5869411496898,388.5869411496898,388.5869411496898,388.5869411496898,0.0,0.0,0.0,56168.30590040636,56168,53358,59157
2020-04-03,60831.76771345837,58954.93541944125,64778.05190261248,60831.76771345837,60831.76771345837,874.8016233770047,874.8016233770047,874.8016233770047,874.8016233770047,874.8016233770047,874.8016233770047,0.0,0.0,0.0,61706.569336835375,61706,58954,64778
2020-04-04,67454.50665553183,65290.71600458368,71067.45242937228,67454.50665553183,67454.50665553183,727.2987974323459,727.2987974323459,727.2987974323459,727.2987974323459,727.2987974323459,727.2987974323459,0.0,0.0,0.0,68181.80545296418,68181,65290,71067
2020-04-05,74077.2455976053,71083.6350555509,77092.75463728422,74077.2455976053,74077.2455976053,-165.7017247697468,-165.7017247697468,-165.7017247697468,-165.7017247697468,-165.7017247697468,-165.7017247697468,0.0,0.0,0.0,73911.54387283555,73911,71083,77092
2020-04-06,80699.98453967877,76833.89511156578,82702.1958829984,80699.98453967877,80699.98453967877,-905.3214847585648,-905.3214847585648,-905.3214847585648,-905.3214847585648,-905.3214847585648,-905.3214847585648,0.0,0.0,0.0,79794.66305492021,79794,76833,82702
2020-04-07,87322.72348175223,83459.46537961758,89656.32709578535,87322.72348175223,87322.72348175223,-728.2893533219315,-728.2893533219315,-728.2893533219315,-728.2893533219315,-728.2893533219315,-728.2893533219315,0.0,0.0,0.0,86594.4341284303,86594,83459,89656
2020-04-08,93945.46242382562,90570.94635217944,96781.56193972749,93945.46242382562,93945.46242382562,-191.37479910645862,-191.37479910645862,-191.37479910645862,-191.37479910645862,-191.37479910645862,-191.37479910645862,0.0,0.0,0.0,93754.08762471916,93754,90570,96781
2020-04-09,100735.67620237175,98189.80616954667,104054.46764023977,100735.67620237175,100735.67620237175,388.5869411500897,388.5869411500897,388.5869411500897,388.5869411500897,388.5869411500897,388.5869411500897,0.0,0.0,0.0,101124.26314352184,101124,98189,104054
2020-04-10,107525.88998091796,105482.81153066392,111532.15824080996,107525.88998091796,107525.88998091796,874.8016233771444,874.8016233771444,874.8016233771444,874.8016233771444,874.8016233771444,874.8016233771444,0.0,0.0,0.0,108400.6916042951,108400,105482,111532
2020-04-11,114316.1037594641,112110.03144979574,118054.01798025024,114316.1037594641,114316.1037594641,727.2987974319567,727.2987974319567,727.2987974319567,727.2987974319567,727.2987974319567,727.2987974319567,0.0,0.0,0.0,115043.40255689605,115043,112110,118054
2020-04-12,121106.31753801029,118049.50005297741,124007.98207658014,121106.31753801029,121106.31753801029,-165.70172477048757,-165.70172477048757,-165.70172477048757,-165.70172477048757,-165.70172477048757,-165.70172477048757,0.0,0.0,0.0,120940.6158132398,120940,118049,124007
2020-04-13,127896.53131655643,124182.23679211843,130016.34009996122,127896.53131655643,127896.53131655643,-905.3214847587697,-905.3214847587697,-905.3214847587697,-905.3214847587697,-905.3214847587697,-905.3214847587697,0.0,0.0,0.0,126991.20983179766,126991,124182,130016
2020-04-14,134686.7450951027,131179.15823880967,137120.39009371036,134686.7450951027,134686.7450951027,-728.2893533215931,-728.2893533215931,-728.2893533215931,-728.2893533215931,-728.2893533215931,-728.2893533215931,0.0,0.0,0.0,133958.4557417811,133958,131179,137120
2020-04-15,141476.95886875293,138412.76237907313,144283.54538453836,141476.95886875293,141476.95886875293,-191.37479910601982,-191.37479910601982,-191.37479910601982,-191.37479910601982,-191.37479910601982,-191.37479910601982,0.0,0.0,0.0,141285.58406964692,141285,138412,144283
2020-04-16,148267.17264240317,145722.3877591608,151559.15170696797,148267.17264240317,148267.17264240317,388.58694114816853,388.58694114816853,388.58694114816853,388.58694114816853,388.58694114816853,388.58694114816853,0.0,0.0,0.0,148655.75958355132,148655,145722,151559
2020-04-17,155057.38641605346,153087.2518555701,158833.69162227373,155057.38641605346,155057.38641605346,874.8016233774737,874.8016233774737,874.8016233774737,874.8016233774737,874.8016233774737,874.8016233774737,0.0,0.0,0.0,155932.18803943094,155932,153087,158833
2020-04-18,161847.6001897037,159550.64832360417,165408.89724778594,161847.6001897037,161847.6001897037,727.298797431415,727.298797431415,727.298797431415,727.298797431415,727.298797431415,727.298797431415,0.0,0.0,0.0,162574.8989871351,162574,159550,165408
2020-04-19,168637.81396335392,165490.6134143855,171329.37023496476,168637.81396335392,168637.81396335392,-165.7017247712709,-165.7017247712709,-165.7017247712709,-165.7017247712709,-165.7017247712709,-165.7017247712709,0.0,0.0,0.0,168472.11223858266,168472,165490,171329
2020-04-20,175428.02773700416,171768.12273010227,177470.6181293438,175428.02773700416,175428.02773700416,-905.3214847589744,-905.3214847589744,-905.3214847589744,-905.3214847589744,-905.3214847589744,-905.3214847589744,0.0,0.0,0.0,174522.70625224517,174522,171768,177470
2020-04-21,181499.36151364908,177818.4882557147,183732.6164880289,181499.36151364908,181499.36151364908,-728.2893533231704,-728.2893533231704,-728.2893533231704,-728.2893533231704,-728.2893533231704,-728.2893533231704,0.0,0.0,0.0,180771.07216032592,180771,177818,183732
2020-04-22,187570.69529029392,184356.3147644119,190458.0117344133,187570.69529029392,187570.69529029392,-191.37479910565733,-191.37479910565733,-191.37479910565733,-191.37479910565733,-191.37479910565733,-191.37479910565733,0.0,0.0,0.0,187379.32049118826,187379,184356,190458
2020-04-23,193642.02906693885,190978.04195221132,197138.8296324109,193642.02906693885,193642.02906693885,388.58694114856837,388.58694114856837,388.58694114856837,388.58694114856837,388.58694114856837,388.58694114856837,0.0,0.0,0.0,194030.6160080874,194030,190978,197138
2020-04-24,199713.36284358377,197761.241980191,203418.02714848903,199713.36284358377,199713.36284358377,874.8016233776134,874.8016233776134,874.8016233776134,874.8016233776134,874.8016233776134,874.8016233776134,0.0,0.0,0.0,200588.16446696137,200588,197761,203418
2020-04-25,205784.6966202286,203713.24658303295,209436.02093863502,205784.6966202286,205784.6966202286,727.2987974310258,727.2987974310258,727.2987974310258,727.2987974310258,727.2987974310258,727.2987974310258,0.0,0.0,0.0,206511.99541765964,206511,203713,209436
2020-04-26,211856.03039687354,209070.61488092455,214578.31629338203,211856.03039687354,211856.03039687354,-165.70172477201166,-165.70172477201166,-165.70172477201166,-165.70172477201166,-165.70172477201166,-165.70172477201166,0.0,0.0,0.0,211690.32867210152,211690,209070,214578
2020-04-27,217315.72159788213,213494.77213971052,219478.9075277676,217315.72159788213,217315.72159788213,-905.3214847580509,-905.3214847580509,-905.3214847580509,-905.3214847580509,-905.3214847580509,-905.3214847580509,0.0,0.0,0.0,216410.40011312408,216410,213494,219478
2020-04-28,222775.4127988906,218828.2296244518,224809.2892545011,222775.4127988906,222775.4127988906,-728.2893533228321,-728.2893533228321,-728.2893533228321,-728.2893533228321,-728.2893533228321,-728.2893533228321,0.0,0.0,0.0,222047.1234455678,222047,218828,224809
2020-04-29,228235.10399989912,225204.1113302945,230820.86948874098,228235.10399989912,228235.10399989912,-191.37479910514256,-191.37479910514256,-191.37479910514256,-191.37479910514256,-191.37479910514256,-191.37479910514256,0.0,0.0,0.0,228043.72920079398,228043,225204,230820
2020-04-30,233694.79520090765,231096.7132786339,237195.7171858638,233694.79520090765,233694.79520090765,388.5869411490631,388.5869411490631,388.5869411490631,388.5869411490631,388.5869411490631,388.5869411490631,0.0,0.0,0.0,234083.3821420567,234083,231096,237195
2020-05-01,239154.48640191628,237008.8130089501,243066.15665017636,239154.48640191628,239154.48640191628,874.8016233767703,874.8016233767703,874.8016233767703,874.8016233767703,874.8016233767703,874.8016233767703,0.0,0.0,0.0,240029.28802529303,240029,237008,243066
2020-05-02,244614.17760292478,242343.44289835045,248410.0283042112,244614.17760292478,244614.17760292478,727.2987974330282,727.2987974330282,727.2987974330282,727.2987974330282,727.2987974330282,727.2987974330282,0.0,0.0,0.0,245341.47640035782,245341,242343,248410
2020-05-03,249653.15927255352,246605.60850454945,252547.84601884516,249653.15927255352,249653.15927255352,-165.70172477279488,-165.70172477279488,-165.70172477279488,-165.70172477279488,-165.70172477279488,-165.70172477279488,0.0,0.0,0.0,249487.4575477807,249487,246605,252547
2020-05-04,254692.14094218242,250801.36742948022,256804.80718285448,254692.14094218242,254692.14094218242,-905.3214847582559,-905.3214847582559,-905.3214847582559,-905.3214847582559,-905.3214847582559,-905.3214847582559,0.0,0.0,0.0,253786.81945742416,253786,250801,256804
2020-05-05,259731.1226118113,256080.410802456,262093.0286303258,259731.1226118113,259731.1226118113,-728.2893533224939,-728.2893533224939,-728.2893533224939,-728.2893533224939,-728.2893533224939,-728.2893533224939,0.0,0.0,0.0,259002.8332584888,259002,256080,262093
2020-05-06,264770.10428144014,261528.80603216594,267699.9456638105,264770.10428144014,264770.10428144014,-191.3747991047798,-191.3747991047798,-191.3747991047798,-191.3747991047798,-191.3747991047798,-191.3747991047798,0.0,0.0,0.0,264578.7294823354,264578,261528,267699
2020-05-07,269809.085951069,267275.4692143749,273305.0468685714,269809.085951069,269809.085951069,388.58694114946286,388.58694114946286,388.58694114946286,388.58694114946286,388.58694114946286,388.58694114946286,0.0,0.0,0.0,270197.67289221846,270197,267275,273305
2020-05-08,274848.0676206979,272590.32715074497,278695.5315519425,274848.0676206979,274848.0676206979,874.8016233769098,874.8016233769098,874.8016233769098,874.8016233769098,874.8016233769098,874.8016233769098,0.0,0.0,0.0,275722.8692440748,275722,272590,278695
2020-05-09,279620.42364550964,277269.28310803516,283218.1195094694,279620.42364550964,279620.42364550964,727.2987974325628,727.2987974325628,727.2987974325628,727.2987974325628,727.2987974325628,727.2987974325628,0.0,0.0,0.0,280347.7224429422,280347,277269,283218
2020-05-10,284392.77967032144,281108.739241222,287287.91477731103,284392.77967032144,284392.77967032144,-165.7017247734933,-165.7017247734933,-165.7017247734933,-165.7017247734933,-165.7017247734933,-165.7017247734933,0.0,0.0,0.0,284227.07794554794,284227,281108,287287
2020-05-11,289165.1356951332,285145.86698935955,291190.502624402,289165.1356951332,289165.1356951332,-905.3214847584607,-905.3214847584607,-905.3214847584607,-905.3214847584607,-905.3214847584607,-905.3214847584607,0.0,0.0,0.0,288259.8142103747,288259,285145,291190
2020-05-12,293937.4917199449,290336.05862766615,296202.5656487334,293937.4917199449,293937.4917199449,-728.2893533221136,-728.2893533221136,-728.2893533221136,-728.2893533221136,-728.2893533221136,-728.2893533221136,0.0,0.0,0.0,293209.2023666228,293209,290336,296202
2020-05-13,298709.8477447566,295458.08755196806,301510.4601003372,298709.8477447566,298709.8477447566,-191.37479910666207,-191.37479910666207,-191.37479910666207,-191.37479910666207,-191.37479910666207,-191.37479910666207,0.0,0.0,0.0,298518.47294564993,298518,295458,301510
2020-05-14,303482.2037695682,300945.5738589921,306825.56988706015,303482.2037695682,303482.2037695682,388.5869411499576,388.5869411499576,388.5869411499576,388.5869411499576,388.5869411499576,388.5869411499576,0.0,0.0,0.0,303870.79071071814,303870,300945,306825
2020-05-15,307758.04504233715,305836.9287023204,311711.60321637365,307758.04504233715,307758.04504233715,874.8016233771444,874.8016233771444,874.8016233771444,874.8016233771444,874.8016233771444,874.8016233771444,0.0,0.0,0.0,308632.8466657143,308632,305836,311711
2020-05-16,312033.88631510624,309537.0635037487,315725.9616898879,312033.88631510624,312033.88631510624,727.2987974320973,727.2987974320973,727.2987974320973,727.2987974320973,727.2987974320973,727.2987974320973,0.0,0.0,0.0,312761.18511253834,312761,309537,315725
2020-05-17,316309.72758787515,313316.4175312181,318999.7160741028,316309.72758787515,316309.72758787515,-165.70172477427658,-165.70172477427658,-165.70172477427658,-165.70172477427658,-165.70172477427658,-165.70172477427658,0.0,0.0,0.0,316144.0258631009,316144,313316,318999
2020-05-18,320585.56886064407,316804.2289331134,322547.32946666534,320585.56886064407,320585.56886064407,-905.3214847575373,-905.3214847575373,-905.3214847575373,-905.3214847575373,-905.3214847575373,-905.3214847575373,0.0,0.0,0.0,319680.24737588654,319680,316804,322547
2020-05-19,324861.41013341304,321065.7458949064,327072.05508583627,324861.41013341304,324861.41013341304,-728.2893533217334,-728.2893533217334,-728.2893533217334,-728.2893533217334,-728.2893533217334,-728.2893533217334,0.0,0.0,0.0,324133.1207800913,324133,321065,327072
2020-05-20,329137.251406182,326035.9690442906,332065.42207834584,329137.251406182,329137.251406182,-191.37479910622335,-191.37479910622335,-191.37479910622335,-191.37479910622335,-191.37479910622335,-191.37479910622335,0.0,0.0,0.0,328945.8766070758,328945,326035,332065
2020-05-21,333241.6201785853,330770.14767547726,336440.4060315861,333241.6201785853,333241.6201785853,388.5869411502625,388.5869411502625,388.5869411502625,388.5869411502625,388.5869411502625,388.5869411502625,0.0,0.0,0.0,333630.20711973554,333630,330770,336440
2020-05-22,337345.98895098845,335478.7066869357,341407.3475721613,337345.98895098845,337345.98895098845,874.8016233773789,874.8016233773789,874.8016233773789,874.8016233773789,874.8016233773789,874.8016233773789,0.0,0.0,0.0,338220.7905743658,338220,335478,341407
2020-05-23,341450.3577233917,339117.4978000895,345175.0030033362,341450.3577233917,341450.3577233917,727.2987974317082,727.2987974317082,727.2987974317082,727.2987974317082,727.2987974317082,727.2987974317082,0.0,0.0,0.0,342177.65652082337,342177,339117,345175
2020-05-24,345554.7264957948,342587.2753254674,348431.5140372401,345554.7264957948,345554.7264957948,-165.70172477088425,-165.70172477088425,-165.70172477088425,-165.70172477088425,-165.70172477088425,-165.70172477088425,0.0,0.0,0.0,345389.0247710239,345389,342587,348431
2020-05-25,349659.09526819794,345828.786359147,351801.53432061116,349659.09526819794,349659.09526819794,-905.3214847577419,-905.3214847577419,-905.3214847577419,-905.3214847577419,-905.3214847577419,-905.3214847577419,0.0,0.0,0.0,348753.7737834402,348753,345828,351801
2020-05-26,353763.4640406011,350019.72697805136,356021.005030592,353763.4640406011,353763.4640406011,-728.2893533213951,-728.2893533213951,-728.2893533213951,-728.2893533213951,-728.2893533213951,-728.2893533213951,0.0,0.0,0.0,353035.1746872797,353035,350019,356021
2020-05-27,357867.8328564834,354624.15735034586,360798.40386556793,357867.8328564834,357867.8328564834,-191.37479910578463,-191.37479910578463,-191.37479910578463,-191.37479910578463,-191.37479910578463,-191.37479910578463,0.0,0.0,0.0,357676.4580573776,357676,354624,360798
2020-05-28,361972.20167236566,359424.5713555391,365320.9721040084,361972.20167236566,361972.20167236566,388.58694114834145,388.58694114834145,388.58694114834145,388.58694114834145,388.58694114834145,388.58694114834145,0.0,0.0,0.0,362360.788613514,362360,359424,365320
2020-05-29,366076.5704882478,363979.4899158176,369845.0206203973,366076.5704882478,366076.5704882478,874.801623376441,874.801623376441,874.801623376441,874.801623376441,874.801623376441,874.801623376441,0.0,0.0,0.0,366951.3721116242,366951,363979,369845
2020-05-30,370180.9393041301,368016.91004736646,373846.7402189487,370180.9393041301,370180.9393041301,727.2987974313191,727.2987974313191,727.2987974313191,727.2987974313191,727.2987974313191,727.2987974313191,0.0,0.0,0.0,370908.23810156144,370908,368016,373846
2020-05-31,374285.3081200123,371266.0184405528,377126.77604240825,374285.3081200123,374285.3081200123,-165.7017247716251,-165.7017247716251,-165.7017247716251,-165.7017247716251,-165.7017247716251,-165.7017247716251,0.0,0.0,0.0,374119.60639524064,374119,371266,377126
2020-06-01,378389.67693589465,374678.4424491028,380512.00880240963,378389.67693589465,378389.67693589465,-905.3214847579471,-905.3214847579471,-905.3214847579471,-905.3214847579471,-905.3214847579471,-905.3214847579471,0.0,0.0,0.0,377484.3554511367,377484,374678,380512
2020-06-02,382696.3450323587,378991.9109862612,384844.04255265975,382696.3450323587,382696.3450323587,-728.2893533210568,-728.2893533210568,-728.2893533210568,-728.2893533210568,-728.2893533210568,-728.2893533210568,0.0,0.0,0.0,381968.05567903764,381968,378991,384844
2020-06-03,387003.01312882267,383887.3109703138,389785.34932887426,387003.01312882267,387003.01312882267,-191.3747991054219,-191.3747991054219,-191.3747991054219,-191.3747991054219,-191.3747991054219,-191.3747991054219,0.0,0.0,0.0,386811.6383297173,386811,383887,389785
2020-06-04,391309.6812252868,388859.0921338329,394752.3624643838,391309.6812252868,391309.6812252868,388.5869411487413,388.5869411487413,388.5869411487413,388.5869411487413,388.5869411487413,388.5869411487413,0.0,0.0,0.0,391698.26816643553,391698,388859,394752
2020-06-05,395616.3493217508,393586.90507621877,399459.3936368373,395616.3493217508,395616.3493217508,874.8016233765806,874.8016233765806,874.8016233765806,874.8016233765806,874.8016233765806,874.8016233765806,0.0,0.0,0.0,396491.15094512736,396491,393586,399459
2020-06-06,399923.01741821493,397844.01806972135,403754.0462210357,399923.01741821493,399923.01741821493,727.2987974308534,727.2987974308534,727.2987974308534,727.2987974308534,727.2987974308534,727.2987974308534,0.0,0.0,0.0,400650.3162156458,400650,397844,403754
2020-06-07,404229.685514679,401029.86415121343,407212.3665027405,404229.685514679,404229.685514679,-165.70172477236588,-165.70172477236588,-165.70172477236588,-165.70172477236588,-165.70172477236588,-165.70172477236588,0.0,0.0,0.0,404063.98378990666,404063,401029,407212
2020-06-08,408596.5469575109,404802.89896199893,411012.7885419956,408596.5469575109,408596.5469575109,-905.3214847581518,-905.3214847581518,-905.3214847581518,-905.3214847581518,-905.3214847581518,-905.3214847581518,0.0,0.0,0.0,407691.2254727527,407691,404802,411012
2020-06-09,412963.4084003428,409339.65964860615,415084.90782111144,412963.4084003428,412963.4084003428,-728.2893533226343,-728.2893533226343,-728.2893533226343,-728.2893533226343,-728.2893533226343,-728.2893533226343,0.0,0.0,0.0,412235.11904702015,412235,409339,415084
2020-06-10,417330.26984317484,414096.7589178287,419898.9513060032,417330.26984317484,417330.26984317484,-191.37479910505925,-191.37479910505925,-191.37479910505925,-191.37479910505925,-191.37479910505925,-191.37479910505925,0.0,0.0,0.0,417138.8950440698,417138,414096,419898
2020-06-11,421697.13128600677,419145.0660093749,425146.1470121565,421697.13128600677,421697.13128600677,388.5869411492359,388.5869411492359,388.5869411492359,388.5869411492359,388.5869411492359,388.5869411492359,0.0,0.0,0.0,422085.71822715603,422085,419145,425146
2020-06-12,426063.9927288388,423935.4797246082,429988.8453296525,426063.9927288388,426063.9927288388,874.8016233769101,874.8016233769101,874.8016233769101,874.8016233769101,874.8016233769101,874.8016233769101,0.0,0.0,0.0,426938.7943522157,426938,423935,429988
2020-06-13,430430.8541716707,428358.91861154337,434008.7893591854,430430.8541716707,430430.8541716707,727.298797430388,727.298797430388,727.298797430388,727.298797430388,727.298797430388,727.298797430388,0.0,0.0,0.0,431158.1529691011,431158,428358,434008
2020-06-14,434836.03757732833,431216.6447043646,437480.35127074237,434836.03757732833,434836.03757732833,-165.70172476897352,-165.70172476897352,-165.70172476897352,-165.70172476897352,-165.70172476897352,-165.70172476897352,0.0,0.0,0.0,434670.33585255936,434670,431216,437480
2020-06-15,439241.22098298604,435168.04456856585,441241.29836336215,439241.22098298604,439241.22098298604,-905.321484758357,-905.321484758357,-905.321484758357,-905.321484758357,-905.321484758357,-905.321484758357,0.0,0.0,0.0,438335.8994982277,438335,435168,441241
2020-06-16,443646.4043886437,439963.2927017011,445984.97823780065,443646.4043886437,443646.4043886437,-728.2893533222539,-728.2893533222539,-728.2893533222539,-728.2893533222539,-728.2893533222539,-728.2893533222539,0.0,0.0,0.0,442918.11503532145,442918,439963,445984
2020-06-17,448051.58779430133,444568.10170565697,450817.8177776924,448051.58779430133,448051.58779430133,-191.3747991046205,-191.3747991046205,-191.3747991046205,-191.3747991046205,-191.3747991046205,-191.3747991046205,0.0,0.0,0.0,447860.2129951967,447860,444568,450817
2020-06-18,452456.771199959,449955.9389919757,455768.1829064659,452456.771199959,452456.771199959,388.5869411496358,388.5869411496358,388.5869411496358,388.5869411496358,388.5869411496358,388.5869411496358,0.0,0.0,0.0,452845.3581411086,452845,449955,455768
2020-06-19,456861.9546056166,454667.9740501087,460934.50702510483,456861.9546056166,456861.9546056166,874.8016233770495,874.8016233770495,874.8016233770495,874.8016233770495,874.8016233770495,874.8016233770495,0.0,0.0,0.0,457736.75622899365,457736,454667,460934
2020-06-20,461892.9595277876,459844.2513361482,465524.6245104057,461892.9595277876,461892.9595277876,727.2987974323904,727.2987974323904,727.2987974323904,727.2987974323904,727.2987974323904,727.2987974323904,0.0,0.0,0.0,462620.25832521997,462620,459844,465524
2020-06-21,466923.96444995864,463818.30437280773,469705.3156552716,466923.96444995864,466923.96444995864,-165.7017247697143,-165.7017247697143,-165.7017247697143,-165.7017247697143,-165.7017247697143,-165.7017247697143,0.0,0.0,0.0,466758.2627251889,466758,463818,469705
2020-06-22,471954.96937212965,468139.90051055065,474188.884949954,471954.96937212965,471954.96937212965,-905.3214847585615,-905.3214847585615,-905.3214847585615,-905.3214847585615,-905.3214847585615,-905.3214847585615,0.0,0.0,0.0,471049.6478873711,471049,468139,474188
2020-06-23,476985.9742943007,473217.43912873574,479254.50630839146,476985.9742943007,476985.9742943007,-728.2893533219577,-728.2893533219577,-728.2893533219577,-728.2893533219577,-728.2893533219577,-728.2893533219577,0.0,0.0,0.0,476257.68494097877,476257,473217,479254
2020-06-24,482016.97921647155,478880.84117075265,484972.9389620113,482016.97921647155,482016.97921647155,-191.37479910418188,-191.37479910418188,-191.37479910418188,-191.37479910418188,-191.37479910418188,-191.37479910418188,0.0,0.0,0.0,481825.6044173674,481825,478880,484972
2020-06-25,487047.9841386426,484712.80337190256,490431.58931511705,487047.9841386426,487047.9841386426,388.5869411477147,388.5869411477147,388.5869411477147,388.5869411477147,388.5869411477147,388.5869411477147,0.0,0.0,0.0,487436.5710797903,487436,484712,490431
2020-06-26,492078.9890608136,489690.593990497,495930.9544865644,492078.9890608136,492078.9890608136,874.8016233772843,874.8016233772843,874.8016233772843,874.8016233772843,874.8016233772843,874.8016233772843,0.0,0.0,0.0,492953.7906841909,492953,489690,495930
2020-06-27,497109.9939829846,494893.9566915212,500718.00151510653,497109.9939829846,497109.9939829846,727.2987974320014,727.2987974320014,727.2987974320014,727.2987974320014,727.2987974320014,727.2987974320014,0.0,0.0,0.0,497837.2927804166,497837,494893,500718
2020-06-28,502140.9989051557,499078.9063585054,504831.7212984906,502140.9989051557,502140.9989051557,-165.70172477049758,-165.70172477049758,-165.70172477049758,-165.70172477049758,-165.70172477049758,-165.70172477049758,0.0,0.0,0.0,501975.2971803852,501975,499078,504831
2020-06-29,507172.0038273267,503087.1316217499,509303.991016657,507172.0038273267,507172.0038273267,-905.3214847587667,-905.3214847587667,-905.3214847587667,-905.3214847587667,-905.3214847587667,-905.3214847587667,0.0,0.0,0.0,506266.68234256795,506266,503087,509303
2020-06-30,512203.00874949776,508465.9829590751,514279.39905138954,512203.00874949776,512203.00874949776,-728.2893533215773,-728.2893533215773,-728.2893533215773,-728.2893533215773,-728.2893533215773,-728.2893533215773,0.0,0.0,0.0,511474.71939617617,511474,508465,514279
2020-07-01,517234.01367166877,514003.7587531752,520091.2375478478,517234.01367166877,517234.01367166877,-191.37479910598793,-191.37479910598793,-191.37479910598793,-191.37479910598793,-191.37479910598793,-191.37479910598793,0.0,0.0,0.0,517042.6388725628,517042,514003,520091
2020-07-02,522265.0185938398,519721.1312036826,525645.8829734266,522265.0185938398,522265.0185938398,388.5869411481144,388.5869411481144,388.5869411481144,388.5869411481144,388.5869411481144,388.5869411481144,0.0,0.0,0.0,522653.6055349879,522653,519721,525645
2020-07-03,527296.0235160108,525194.5274786814,530985.9614304291,527296.0235160108,527296.0235160108,874.8016233774235,874.8016233774235,874.8016233774235,874.8016233774235,874.8016233774235,874.8016233774235,0.0,0.0,0.0,528170.8251393882,528170,525194,530985
2020-07-04,532327.0284381817,529998.7759772204,535935.1539596509,532327.0284381817,532327.0284381817,727.2987974314597,727.2987974314597,727.2987974314597,727.2987974314597,727.2987974314597,727.2987974314597,0.0,0.0,0.0,533054.3272356131,533054,529998,535935
2020-07-05,537358.0333603527,534003.0415624166,540130.6660645469,537358.0333603527,537358.0333603527,-165.70172477119587,-165.70172477119587,-165.70172477119587,-165.70172477119587,-165.70172477119587,-165.70172477119587,0.0,0.0,0.0,537192.3316355816,537192,534003,540130
2020-07-06,542389.0382825237,538408.3273626037,544684.4496927806,542389.0382825237,542389.0382825237,-905.3214847578429,-905.3214847578429,-905.3214847578429,-905.3214847578429,-905.3214847578429,-905.3214847578429,0.0,0.0,0.0,541483.7167977659,541483,538408,544684
2020-07-07,547420.0432046948,543867.9558722883,549783.148894036,547420.0432046948,547420.0432046948,-728.289353321239,-728.289353321239,-728.289353321239,-728.289353321239,-728.289353321239,-728.289353321239,0.0,0.0,0.0,546691.7538513736,546691,543867,549783
2020-07-08,552451.0481268659,549305.8220772783,555371.0677957227,552451.0481268659,552451.0481268659,-191.37479910562533,-191.37479910562533,-191.37479910562533,-191.37479910562533,-191.37479910562533,-191.37479910562533,0.0,0.0,0.0,552259.6733277603,552259,549305,555371
2020-07-09,557482.0530490367,554991.4801308773,560925.8860345888,557482.0530490367,557482.0530490367,388.5869411486092,388.5869411486092,388.5869411486092,388.5869411486092,388.5869411486092,388.5869411486092,0.0,0.0,0.0,557870.6399901853,557870,554991,560925
2020-07-10,562513.0579712078,560543.0926016575,566397.3322943221,562513.0579712078,562513.0579712078,874.8016233776581,874.8016233776581,874.8016233776581,874.8016233776581,874.8016233776581,874.8016233776581,0.0,0.0,0.0,563387.8595945855,563387,560543,566397
2020-07-11,567544.0628933788,565376.8527725224,571190.045869373,567544.0628933788,567544.0628933788,727.2987974310702,727.2987974310702,727.2987974310702,727.2987974310702,727.2987974310702,727.2987974310702,0.0,0.0,0.0,568271.3616908098,568271,565376,571190
2020-07-12,572575.0678155498,569340.7119264988,575665.9912258475,572575.0678155498,572575.0678155498,-165.70172477197912,-165.70172477197912,-165.70172477197912,-165.70172477197912,-165.70172477197912,-165.70172477197912,0.0,0.0,0.0,572409.3660907778,572409,569340,575665
2020-07-13,577606.0727377208,573724.3294375046,579959.1933215263,577606.0727377208,577606.0727377208,-905.3214847580481,-905.3214847580481,-905.3214847580481,-905.3214847580481,-905.3214847580481,-905.3214847580481,0.0,0.0,0.0,576700.7512529627,576700,573724,579959
2020-07-14,582637.0776598918,578879.6969641723,584824.6049864215,582637.0776598918,582637.0776598918,-728.2893533208587,-728.2893533208587,-728.2893533208587,-728.2893533208587,-728.2893533208587,-728.2893533208587,0.0,0.0,0.0,581908.788306571,581908,578879,584824
2020-07-15,587668.0825820627,584263.6184508161,590625.4034681186,587668.0825820627,587668.0825820627,-191.37479910518655,-191.37479910518655,-191.37479910518655,-191.37479910518655,-191.37479910518655,-191.37479910518655,0.0,0.0,0.0,587476.7077829575,587476,584263,590625
2020-07-16,592699.0875042338,590252.0507903028,596114.8077378863,592699.0875042338,592699.0875042338,388.5869411489141,388.5869411489141,388.5869411489141,388.5869411489141,388.5869411489141,388.5869411489141,0.0,0.0,0.0,593087.6744453828,593087,590252,596114
2020-07-17,597730.0924264048,595692.3856845774,601543.420654386,597730.0924264048,597730.0924264048,874.80162337672,874.80162337672,874.80162337672,874.80162337672,874.80162337672,874.80162337672,0.0,0.0,0.0,598604.8940497815,598604,595692,601543
2020-07-18,602761.0973485758,600463.7339448573,606475.0287609872,602761.0973485758,602761.0973485758,727.2987974329965,727.2987974329965,727.2987974329965,727.2987974329965,727.2987974329965,727.2987974329965,0.0,0.0,0.0,603488.3961460089,603488,600463,606475
2020-07-19,607792.1022707468,604710.2920836187,610686.9473164827,607792.1022707468,607792.1022707468,-165.70172477276247,-165.70172477276247,-165.70172477276247,-165.70172477276247,-165.70172477276247,-165.70172477276247,0.0,0.0,0.0,607626.400545974,607626,604710,610686
2020-07-20,612823.1071929178,608666.2630344839,615067.6580454606,612823.1071929178,612823.1071929178,-905.3214847582526,-905.3214847582526,-905.3214847582526,-905.3214847582526,-905.3214847582526,-905.3214847582526,0.0,0.0,0.0,611917.7857081596,611917,608666,615067
2020-07-21,617854.1121150889,614198.2384843592,620078.7112986511,617854.1121150889,617854.1121150889,-728.2893533205206,-728.2893533205206,-728.2893533205206,-728.2893533205206,-728.2893533205206,-728.2893533205206,0.0,0.0,0.0,617125.8227617684,617125,614198,620078
2020-07-22,622885.11703726,619678.2670598215,625858.476955102,622885.11703726,622885.11703726,-191.37479910714458,-191.37479910714458,-191.37479910714458,-191.37479910714458,-191.37479910714458,-191.37479910714458,0.0,0.0,0.0,622693.7422381528,622693,619678,625858
2020-07-23,627916.121959431,625542.8989290239,631546.9476485515,627916.121959431,627916.121959431,388.58694114940886,388.58694114940886,388.58694114940886,388.58694114940886,388.58694114940886,388.58694114940886,0.0,0.0,0.0,628304.7089005804,628304,625542,631546
2020-07-24,632947.126881602,630645.3760663231,636890.5608736197,632947.126881602,632947.126881602,874.8016233769547,874.8016233769547,874.8016233769547,874.8016233769547,874.8016233769547,874.8016233769547,0.0,0.0,0.0,633821.9285049789,633821,630645,636890
2020-07-25,637978.1318037729,635633.4354197942,641478.3428914757,637978.1318037729,637978.1318037729,727.2987974326073,727.2987974326073,727.2987974326073,727.2987974326073,727.2987974326073,727.2987974326073,0.0,0.0,0.0,638705.4306012054,638705,635633,641478
2020-07-26,643009.1367259439,639964.9706332068,645675.1532141838,643009.1367259439,643009.1367259439,-165.70172477350323,-165.70172477350323,-165.70172477350323,-165.70172477350323,-165.70172477350323,-165.70172477350323,0.0,0.0,0.0,642843.4350011704,642843,639964,645675
2020-07-27,648040.1416481149,644068.720356311,650022.6351971535,648040.1416481149,648040.1416481149,-905.3214847584579,-905.3214847584579,-905.3214847584579,-905.3214847584579,-905.3214847584579,-905.3214847584579,0.0,0.0,0.0,647134.8201633565,647134,644068,650022
2020-07-28,653071.146570286,649354.0417837647,655091.216822193,652906.0987070233,653231.3928940295,-728.28935332214,-728.28935332214,-728.28935332214,-728.28935332214,-728.28935332214,-728.28935332214,0.0,0.0,0.0,652342.8572169639,652342,649354,655091
2020-07-29,658102.151492457,654968.8906771113,660974.8606680821,657387.8843731032,658738.0465241187,-191.37479910663015,-191.37479910663015,-191.37479910663015,-191.37479910663015,-191.37479910663015,-191.37479910663015,0.0,0.0,0.0,657910.7766933504,657910,654968,660974
2020-07-30,663133.156414628,660362.238935342,666687.9596847157,661727.7738269323,664396.3990234422,388.58694114990345,388.58694114990345,388.58694114990345,388.58694114990345,388.58694114990345,388.58694114990345,0.0,0.0,0.0,663521.7433557779,663521,660362,666687
2020-07-31,668164.1613367992,665653.8473457627,672293.5455624533,666033.9155707126,670224.1460300306,874.8016233770942,874.8016233770942,874.8016233770942,874.8016233770942,874.8016233770942,874.8016233770942,0.0,0.0,0.0,669038.9629601763,669038,665653,672293
2020-08-01,673195.1662589702,669899.4319389196,677706.2929565932,670196.285761135,676081.0462948723,727.298797432142,727.298797432142,727.298797432142,727.298797432142,727.298797432142,727.298797432142,0.0,0.0,0.0,673922.4650564023,673922,669899,677706
2020-08-02,678226.1711811409,673771.0725152277,682327.3441313546,674272.2712112113,681915.4070394584,-165.70172477015333,-165.70172477015333,-165.70172477015333,-165.70172477015333,-165.70172477015333,-165.70172477015333,0.0,0.0,0.0,678060.4694563708,678060,673771,682327
2020-08-03,683257.1761033119,677097.5178774918,687872.6544539899,678357.9486345841,687795.4121424368,-905.3214847586626,-905.3214847586626,-905.3214847586626,-905.3214847586626,-905.3214847586626,-905.3214847586626,0.0,0.0,0.0,682351.8546185533,682351,677097,687872
2020-08-04,688288.181025483,681400.7722244783,694164.1300746759,682612.8880623552,693985.1717519105,-728.2893533218016,-728.2893533218016,-728.2893533218016,-728.2893533218016,-728.2893533218016,-728.2893533218016,0.0,0.0,0.0,687559.8916721612,687559,681400,694164
2020-08-05,693319.185947654,685582.2328832768,700013.0647513599,686414.9418563884,700017.8225520364,-191.37479910626726,-191.37479910626726,-191.37479910626726,-191.37479910626726,-191.37479910626726,-191.37479910626726,0.0,0.0,0.0,693127.8111485477,693127,685582,700013
2020-08-06,698350.190869825,690554.9134627706,707408.0474218889,690440.0033938595,706307.8530193542,388.58694115030335,388.58694115030335,388.58694115030335,388.58694115030335,388.58694115030335,388.58694115030335,0.0,0.0,0.0,698738.7778109752,698738,690554,707408
2020-08-07,703381.195791996,694931.1330654436,714182.6559088742,694409.3870396229,712582.543100899,874.8016233774237,874.8016233774237,874.8016233774237,874.8016233774237,874.8016233774237,874.8016233774237,0.0,0.0,0.0,704255.9974153733,704255,694931,714182
2020-08-08,708412.2007141671,698430.6494342606,720616.353140863,697997.2225068845,718855.7984429812,727.2987974316762,727.2987974316762,727.2987974316762,727.2987974316762,727.2987974316762,727.2987974316762,0.0,0.0,0.0,709139.4995115987,709139,698430,720616
2020-08-09,713443.2056363381,700535.8067452707,725423.142056932,701046.8026541458,725239.2219620732,-165.7017247708516,-165.7017247708516,-165.7017247708516,-165.7017247708516,-165.7017247708516,-165.7017247708516,0.0,0.0,0.0,713277.5039115673,713277,700535,725423
2020-08-10,718474.2105585091,703482.7409380884,731871.1167577645,704970.3983523389,731886.4076448684,-905.3214847588675,-905.3214847588675,-905.3214847588675,-905.3214847588675,-905.3214847588675,-905.3214847588675,0.0,0.0,0.0,717568.8890737502,717568,703482,731871
